Date,Pool,Action,Token A Symbol,Token A Amount,Token A Price (USD),Token B Symbol,Token B Amount,Token B Price (USD),Total USD Value,Fees Collected (USD),Fees Collected (Token A),Fees Collected (Token B),Auto-Compound Harvested (Token A),Auto-Compound Harvested (Token B),Auto-Compound Redeposited (Token A),Auto-Compound Redeposited (Token B),Auto-Compound Leftover (Token A),Auto-Compound Leftover (Token B),Realized PnL (USD),Cost Basis (USD),Position Address,Pool Address,Transaction
2026-08-10T21:57:06.000Z,SOL/USDC,Close Position,SOL,0.630690697,76.287696,USDC,31.517761,0.999849,79.63,0.01,0.000073457,0.005944,,,,,,,0.05,0.00,F3oymHaPdYni97713jLTbCkgpr9pCsXaAbp7BMhKu8gA,Czfq3xZZDmsdGdUyrNLtRhGc47cXcZtLG4crryfu44zE,7ySALvSLt1z91zyjY82SEUEe4KZfzq85duZXCtpgJ3cHn8V1i8BMQMN7kaN4okgnxN79FvNZxJCUJWVfsLVDQSU
2026-08-10T20:11:37.000Z,SOL/USDC,Open Position,SOL,0.643346968,76.214074,USDC,30.541097,1.000000,79.57,0.00,0,0,,,,,,,0.00,79.57,F3oymHaPdYni97713jLTbCkgpr9pCsXaAbp7BMhKu8gA,Czfq3xZZDmsdGdUyrNLtRhGc47cXcZtLG4crryfu44zE,3wvboQk8XL5NNYZeqxgwwQUcuX9zk2YxkFHPeeYk59RaiCAo9XxEWpHmbXxxGcpx94dkRDNCz52fKs17hGSbkEP7
2026-08-07T05:49:43.000Z,SOL/USDC,Close Position,SOL,0.5412912,72.708897,USDC,47.825237,0.999748,87.17,0.02,0.00012632,0.010886,,,,,,,0.05,0.00,ExKkbqfqnNQ3WuaZEfbjPVYQWag7NLJaCxwLQRVpyWf2,Czfq3xZZDmsdGdUyrNLtRhGc47cXcZtLG4crryfu44zE,3H2XMhcC8PAzvRJZzNqNtL6bc1ZjotHqomVH8SHBxpGdNAk4jYbsPYxGKzRqKkDXCe7BwjzUs36nDyvhLG2MEF9N
2026-08-07T04:45:00.000Z,SOL/USDC,Open Position,SOL,0.609121327,72.658362,USDC,42.874158,0.999730,87.12,0.00,0,0,,,,,,,0.00,87.12,ExKkbqfqnNQ3WuaZEfbjPVYQWag7NLJaCxwLQRVpyWf2,Czfq3xZZDmsdGdUyrNLtRhGc47cXcZtLG4crryfu44zE,3a3EGPj2Zd2XsEx5iaE6gvb3XPFB5Tt78wH8h7FXsWNGhr5ZBCEH8wfZjDX7ohT53dgzXQ5WPXzU98Wj8bGgBzMT
2026-08-04T00:25:59.000Z,SOL/USDC,Close Position,SOL,0.599863029,73.394995,USDC,49.77901,0.999754,93.79,0.02,0.000159619,0.013234,,,,,,,0.01,0.00,DUrjwNaHCJWw38ati3jKmwfoWEAUngGMCUQHuSxHSLTG,Czfq3xZZDmsdGdUyrNLtRhGc47cXcZtLG4crryfu44zE,8ZayEgu6hLvWMCh7oQFVBAaUQkwp8JaCLJ2tvxC3fKu85ZgjEyKv5dbuBV5SnrGbYE37oaNLhvN3AP4AVESsbnA
2026-08-03T23:34:28.000Z,SOL/USDC,Decrease Liquidity,SOL,0.761481414,73.421951,USDC,58.731341,0.999777,114.63,0.00,0,0,,,,,,,-0.00,93.79,DUrjwNaHCJWw38ati3jKmwfoWEAUngGMCUQHuSxHSLTG,Czfq3xZZDmsdGdUyrNLtRhGc47cXcZtLG4crryfu44zE,2XEiAsQvMrXFpsvk16LLWbJNvabBoH8irW4gqZnBWtEagLnCxoY5ZXynL4L2zZQTHP4UKE5GuSioDoVDJcbdiLYf
2026-08-03T23:11:54.000Z,SOL/USDC,Open Position,SOL,1.420367518,73.405942,USDC,104.15222,1.000000,208.42,0.00,0,0,,,,,,,0.00,208.42,DUrjwNaHCJWw38ati3jKmwfoWEAUngGMCUQHuSxHSLTG,Czfq3xZZDmsdGdUyrNLtRhGc47cXcZtLG4crryfu44zE,4ELnbLSQ3HpCYMGS5wiysxDq7FSN95LorJmj1VcWk4X88WGabgfBBKtkiZyL8xJ5k5YfnLQPJCLzpMhpCfwrYj7T
2026-08-03T00:27:46.000Z,SOL/USDC,Close Position,SOL,1.54439613,73.279889,USDC,2.635558,0.999774,115.81,0.06,0.000545342,0.02094,,,,,,,-0.78,0.00,EYMdhoTpaecgvpUjjXMtsPHsfRem5BMQA2gXwqkN5uSg,Czfq3xZZDmsdGdUyrNLtRhGc47cXcZtLG4crryfu44zE,5Fcax71gs1iQDt6t7DcTo8d6yAMqncY4nXLBXJbDiXisHW8UpXCTkGpBVE2BzG4Rt4GNuQnKM2xbxefLdgZyr6Zt
2026-08-02T22:15:45.000Z,SOL/USDC,Open Position,SOL,0.794505886,73.998690,USDC,57.811805,0.999793,116.59,0.00,0,0,,,,,,,0.00,116.59,EYMdhoTpaecgvpUjjXMtsPHsfRem5BMQA2gXwqkN5uSg,Czfq3xZZDmsdGdUyrNLtRhGc47cXcZtLG4crryfu44zE,4QtpMq4xmsnwb1TTkWktdc9Mp8r6aoy5PZB389fYhyzVQXkTVAELw8xK7ciXCnsf2ozq1RTidHtAPfEBfuZw8CEG
2026-08-02T22:00:28.000Z,SOL/USDC,Close Position,SOL,0.000082149,73.984591,USDC,116.467367,0.999851,116.46,0.08,0.000441016,0.051451,,,,,,,0.38,0.00,BU7xzZqFbW1Gj62DSqQ4i5H9WjqbtmCrZos6hQgkr5D3,Czfq3xZZDmsdGdUyrNLtRhGc47cXcZtLG4crryfu44zE,4ukhsXKkBANaPMy7bdMaEQnNGJvS2EGqfKf2x6MPp55p1eQoX6cK6iXQbW7wztvy1DN9B1oU6cJbAKdma7LwzJRG
2026-08-02T20:24:10.000Z,SOL/USDC,Collect Fees,SOL,0.000358867,73.503671,USDC,0.037442,0.999758,0.06,0.06,0.000358867,0.037442,,,,,,,0.06,116.14,BU7xzZqFbW1Gj62DSqQ4i5H9WjqbtmCrZos6hQgkr5D3,Czfq3xZZDmsdGdUyrNLtRhGc47cXcZtLG4crryfu44zE,2o6CXMFHPm83NWE8fuRWFkj5N5QUuQhcwXpPTxcsJ6HT7DggneYDB2FabjAzMdnmJbMTHqcvBuPyA9in4Z9vJz3Y
2026-08-02T19:51:57.000Z,SOL/USDC,Increase Liquidity,SOL,0.015298063,73.680193,USDC,10.508257,1.000000,11.64,0.00,0,0,,,,,,,0.00,116.14,BU7xzZqFbW1Gj62DSqQ4i5H9WjqbtmCrZos6hQgkr5D3,Czfq3xZZDmsdGdUyrNLtRhGc47cXcZtLG4crryfu44zE,5wQy2rHQf83yAF2gg9WKiFvSZdCifNR5Z6hukziP4hAXE8DD9f9W9Pwjf37NJMnzYmJbjYrizn8BnzjrZUZ7Bv9U
2026-08-02T17:00:21.000Z,SOL/USDC,Open Position,SOL,0.728449656,73.049910,USDC,51.30192,0.999787,104.50,0.00,0,0,,,,,,,0.00,104.50,BU7xzZqFbW1Gj62DSqQ4i5H9WjqbtmCrZos6hQgkr5D3,Czfq3xZZDmsdGdUyrNLtRhGc47cXcZtLG4crryfu44zE,2NeYndGayUHenj7Y5e8dHjwReQVZtV53KrPC82ZzBRtxEnhwiJK3An5qWumcbjmaPQWHxfLnuccg55SDV75feuGb
2026-08-02T03:39:20.000Z,SOL/USDC,Close Position,SOL,0.519162668,73.121477,USDC,212.832882,0.999785,250.75,0.22,0.001304258,0.126162,,,,,,,0.78,0.00,6jnmUtL4pGu4cnFJ95SYJ4Gh3DHyuXYBrRDH71cTV3wN,Czfq3xZZDmsdGdUyrNLtRhGc47cXcZtLG4crryfu44zE,2fiJ55WExxZFbD8VMDRjt8XZGRAmFjr2rZUEDkY9b6Hc2FUB8HTqxMGbxzA5PcC94SC2X9YSeegAwCFgV9BNrx5e
2026-08-02T02:29:44.000Z,SOL/USDC,Collect Fees,SOL,0.000960807,73.030444,USDC,0.096299,0.999812,0.17,0.17,0.000960807,0.096299,,,,,,,0.17,250.13,6jnmUtL4pGu4cnFJ95SYJ4Gh3DHyuXYBrRDH71cTV3wN,Czfq3xZZDmsdGdUyrNLtRhGc47cXcZtLG4crryfu44zE,5uqQTB369dw1Q8XetUjm6VySGsyA7NKVWj1vG88GjXDk8UNkKqybW8qqm9ffJUdswfeoy7ynWw3xs4Y6NA6gVr7W
2026-08-02T01:39:54.000Z,SOL/USDC,Open Position,SOL,1.734556018,72.625660,USDC,124.188868,0.999772,250.13,0.00,0,0,,,,,,,0.00,250.13,6jnmUtL4pGu4cnFJ95SYJ4Gh3DHyuXYBrRDH71cTV3wN,Czfq3xZZDmsdGdUyrNLtRhGc47cXcZtLG4crryfu44zE,4NqJzobDXx6oLoVgyXJFXh3dSnrLbycH3bz1pPvvo8Es8oYoYHztkHshhzHx2RoXj73CRLRWqvCNRjTxLwvWjDyo
2026-08-01T17:49:10.000Z,SOL/USDC,Close Position,SOL,3.546460319,71.800217,USDC,0.050814,1.000000,254.69,0.15,0.001344958,0.050814,,,,,,,-2.43,0.00,C25czp2YX4RXE3fMDmx442XYusmFq6JWDDwbpfeZ6ApT,Czfq3xZZDmsdGdUyrNLtRhGc47cXcZtLG4crryfu44zE,3TTQePgM8WZLJtjjoi1opcsZzxrSrmF5MsyJi2beTr77iTfDK372yw52boxvBDQZRXzj7Skq9sdhTGce8BEjgy2N
2026-08-01T16:36:12.000Z,SOL/USDC,Increase Liquidity,SOL,0.056139937,72.820000,USDC,6.22359,0.999800,10.31,0.00,0,0,,,,,,,0.00,257.12,C25czp2YX4RXE3fMDmx442XYusmFq6JWDDwbpfeZ6ApT,Czfq3xZZDmsdGdUyrNLtRhGc47cXcZtLG4crryfu44zE,CbVjN4tam5PUcaDthv5PaLD5TQ8PpmGpJrwHVZttuDUNkmBLPUXmrGXckcM8LEGiHoBYQdQwihAMautVm5bGfpG
2026-08-01T16:02:31.000Z,SOL/USDC,Open Position,SOL,1.639574529,72.740000,USDC,127.578022,0.999753,246.81,0.00,0,0,,,,,,,0.00,246.81,C25czp2YX4RXE3fMDmx442XYusmFq6JWDDwbpfeZ6ApT,Czfq3xZZDmsdGdUyrNLtRhGc47cXcZtLG4crryfu44zE,3ekjRQUDcBHsZXe4GFmC7FHnRpb4NccZptSs8CH7jrZz2NXzcmtxpbqkz9Atb1yr4hHeyVxBMj5RCiBfmRvq5G69
2026-08-01T07:37:12.000Z,SOL/USDC,Close Position,SOL,1.048499477,72.910000,USDC,64.095846,0.999813,140.53,0.09,0.000587001,0.046119,,,,,,,0.23,0.00,8ti7KDtGxfR9C3K3jjYfGkPFWtNBGsxiE5PSpcXPRxi5,Czfq3xZZDmsdGdUyrNLtRhGc47cXcZtLG4crryfu44zE,5heE7CpQRVDzfU6sXpKQ38v2MMEWKo9V6mGbZri7Gpk11wzZ7gkumv8Po77Ycr3h2kq4dxUQRuswEwdPUWqQZpKf
2026-08-01T00:38:06.000Z,SOL/USDC,Decrease Liquidity,SOL,0.082497184,72.889495,USDC,4.986633,0.999829,11.00,0.00,0,0,,,,,,,0.01,140.31,8ti7KDtGxfR9C3K3jjYfGkPFWtNBGsxiE5PSpcXPRxi5,Czfq3xZZDmsdGdUyrNLtRhGc47cXcZtLG4crryfu44zE,5vZxghF4PtoFLpdKMgdxpkHkhCAXDTW9m8JRQzovfCEMGkF19UcwGTvLpFL5uQB3ho4hFyh2bsuWnebndSRou8X8
2026-07-31T22:13:29.000Z,SOL/USDC,Open Position,SOL,1.260707567,72.790000,USDC,59.542464,0.999888,151.30,0.00,0,0,,,,,,,0.00,151.30,8ti7KDtGxfR9C3K3jjYfGkPFWtNBGsxiE5PSpcXPRxi5,Czfq3xZZDmsdGdUyrNLtRhGc47cXcZtLG4crryfu44zE,rB69CuR5hbqHSjpQvQgYgmj4HbCSg3WizWJhjgDK8zuCi8a5uASsq7gJiQQqBTE9XvedxP96fKFPoo7nkEtJLKL
2026-07-31T07:12:07.000Z,SOL/USDC,Close Position,SOL,0.167382334,73.696284,USDC,12.586842,0.999640,24.92,0.02,0.000140712,0.010437,,,,,,,0.01,0.00,9T5v3erYyh6QPcefctjitP1VrsLtyi8vEh69YhUA9YAy,Czfq3xZZDmsdGdUyrNLtRhGc47cXcZtLG4crryfu44zE,364PKQ7uR24SgR6EkKGFt3AqmAnQ9gFFELCGiRBPFgdEiGj2ECDXGAdCXPikV9LUUciycnB3rLsXvMMec7ZyHirp
2026-07-31T04:47:56.000Z,SOL/USDC,Open Position,SOL,0.167886372,73.726307,USDC,12.528851,0.999734,24.90,0.00,0,0,,,,,,,0.00,24.90,9T5v3erYyh6QPcefctjitP1VrsLtyi8vEh69YhUA9YAy,Czfq3xZZDmsdGdUyrNLtRhGc47cXcZtLG4crryfu44zE,5h2oSJSe3sEGKuXeGofZxNeFRZRNe7vk4hxnr2ijd5KqaGP2WZYaoe4YGKR19CuMrx6sGQXu6GQkRyT5VN7ocLmL
2026-07-30T08:13:17.000Z,SOL/USDC,Close Position,SOL,0.726058017,73.352647,USDC,49.10615,0.999739,102.35,0.03,0.00018509,0.011812,,,,,,,-0.08,0.00,Gymv44a4gniqCquXPM2cPP3DMv3t84f5wKLrF7HayfwZ,Czfq3xZZDmsdGdUyrNLtRhGc47cXcZtLG4crryfu44zE,3FxVnaVQWVA6N3XAEKU7os7BXM8Egz4nx9T7e9rWDjGq9VcBmL8pT5iXXoTmVnNK5JonkuYskxLQVGHKxUavK9yv
2026-07-30T06:50:06.000Z,SOL/USDC,Open Position,SOL,0.65580558,73.516921,USDC,54.240047,0.999700,102.44,0.00,0,0,,,,,,,0.00,102.44,Gymv44a4gniqCquXPM2cPP3DMv3t84f5wKLrF7HayfwZ,Czfq3xZZDmsdGdUyrNLtRhGc47cXcZtLG4crryfu44zE,23dtFDpPxDKwSeRDB8kX2USHhhsm68eWjGSwbc26EeaMkvGprhPQqKR5Wq4trC7NVf157Td4QQVDjzHXgeSkoicP
2026-07-29T17:51:18.000Z,SOL/USDC,Close Position,SOL,0.030271566,73.372104,USDC,0.61324,1.000000,2.83,0.01,0.00007047,0.004983,,,,,,,-0.00,0.00,AtjhrryuZFzsB6eme2cy1S7V64pZ8nbrDUgXaLuKcXuQ,Czfq3xZZDmsdGdUyrNLtRhGc47cXcZtLG4crryfu44zE,3DRS7JAhKd4LYKhaQTgWZoNGjvQoCpu4hQLrRV7G2HuBJvMasXrWszr4QyAYHduLziLZXsU2gcVFHeKYfvCzcmp4
2026-07-29T17:35:45.000Z,cbBTC/USDC,Close Position,cbBTC,0.00065244,63754.055346,USDC,6.709951,0.999723,48.30,0.07,0.00000061,0.034162,,,,,,,-0.30,0.00,6YiwNJwxu9CkTD3uRgW6vkRVf1YGXoUSSnJm6mbi7Vy5,HxA6SKW5qA4o12fjVgTpXdq2YnZ5Zv1s7SB4FFomsyLM,25mGxgNxAYdfyS311CvfGATeu71L4WRR2LmtQRAQyz44t5XcSCwzbKmX2mU3xfAooJJUVchmkPAy3JYWXct7GS65
2026-07-29T11:01:32.000Z,cbBTC/USDC,Open Position,cbBTC,0.00043177,64435.733724,USDC,20.78457,1.000000,48.61,0.00,0,0,,,,,,,0.00,48.61,6YiwNJwxu9CkTD3uRgW6vkRVf1YGXoUSSnJm6mbi7Vy5,HxA6SKW5qA4o12fjVgTpXdq2YnZ5Zv1s7SB4FFomsyLM,65kmbHf2puYStEXKpRMjSbSbYCXypB7HNWQxKBmhuw6xyZDVo2VGfeg2nTYZdvVcp7qisjx2pFqWmsRgU69bWnro
2026-07-29T10:41:19.000Z,cbBTC/USDC,Close Position,cbBTC,0.00006107,64545.135170,USDC,45.38105,0.999844,49.32,0.05,0.00000035,0.031974,,,,,,,0.23,0.00,CkxC65fZK1nQrVsBPwjFwPsDhxtoa4mRzpZcwws4g4UK,HxA6SKW5qA4o12fjVgTpXdq2YnZ5Zv1s7SB4FFomsyLM,f1wq3rA7JKUABTpzPPpQ3DAvfnT6nPtE6BPqEETiCFZyf8G3RYLJ4MpC2y2MsQCWp9XnMCxzKBTdHkibC2sefns
2026-07-29T07:04:03.000Z,SOL/USDC,Increase Liquidity,SOL,0.011151001,73.900299,USDC,0.64637,0.999834,1.47,0.00,0,0,,,,,,,0.00,2.84,AtjhrryuZFzsB6eme2cy1S7V64pZ8nbrDUgXaLuKcXuQ,Czfq3xZZDmsdGdUyrNLtRhGc47cXcZtLG4crryfu44zE,3AKEKENTEM6kbwzgH3RBWightXh4pBYtzQgwgjr7QroxMpDs5b2KdXo3gDzi7Awat2GTBF3obPotZWDnMZyG4Y6Z
2026-07-29T03:04:08.000Z,cbBTC/USDC,Open Position,cbBTC,0.00046912,63830.086169,USDC,19.143218,0.999764,49.08,0.00,0,0,,,,,,,0.00,49.08,CkxC65fZK1nQrVsBPwjFwPsDhxtoa4mRzpZcwws4g4UK,HxA6SKW5qA4o12fjVgTpXdq2YnZ5Zv1s7SB4FFomsyLM,4gjXXv8G8UD1zbeLKcCLoTTc1nKxvrnxEeLMoRVEbwJcobzzDJNUwwjLfcTg19qXrChrPEjD2PvxdSNi4qkYwEsd
2026-07-29T02:42:32.000Z,SOL/USDC,Open Position,SOL,0.011510646,73.757892,USDC,0.517059,0.999816,1.37,0.00,0,0,,,,,,,0.00,1.37,AtjhrryuZFzsB6eme2cy1S7V64pZ8nbrDUgXaLuKcXuQ,Czfq3xZZDmsdGdUyrNLtRhGc47cXcZtLG4crryfu44zE,2nHmxN1MYgmrw6VRZLRfMhfvd3fvPDBLHcXhZM4m4pCmmVQf3eiHPthFVJf1do18X1HxuqGy7D55TV3TVU8tepiH
2026-07-29T01:16:18.000Z,SOL/USDC,Close Position,SOL,0.344463282,73.451679,USDC,28.390339,0.999861,53.69,0.37,0.002494655,0.18632,,,,,,,0.53,0.00,ChzFS931mQ8tfsjW6QXSKP1Czu6D1UAbMxapocsrVYU,Czfq3xZZDmsdGdUyrNLtRhGc47cXcZtLG4crryfu44zE,3PQ6LiSEjEmYeS7M8UBKmPsC86iiXgpp5QnHnPWkAexUDtmERWHoTWQVZhyTngkzx4wj1L8Pr8cChAhjMhXU5sE6
2026-07-28T22:46:05.000Z,SOL/USDC,Collect Fees,SOL,0.000336353,73.618532,USDC,0.023058,0.999775,0.05,0.33,0.00219267,0.165348,,,,,,,0.54,53.70,ChzFS931mQ8tfsjW6QXSKP1Czu6D1UAbMxapocsrVYU,Czfq3xZZDmsdGdUyrNLtRhGc47cXcZtLG4crryfu44zE,4ZWkF5ZJqWzTu5vKqKk9o8GgUyYqnfNX2phHytJrpJjdnrYcuL3P2qUv21pxbRrY2Hw62VpPsbnZdRg2tGhG6fpN
2026-07-28T22:21:30.000Z,SOL/USDC,Decrease Liquidity,SOL,0.189046445,73.990888,USDC,39.808506,0.999770,53.79,0.28,0.001856317,0.14229,,,,,,,0.49,53.70,ChzFS931mQ8tfsjW6QXSKP1Czu6D1UAbMxapocsrVYU,Czfq3xZZDmsdGdUyrNLtRhGc47cXcZtLG4crryfu44zE,4CSNN54EBL7Bg7MWarYZPcwV6QdhN5UWRDNafPLXrA9YZ1g3j99QdZEWXh1NuDiEgtLLGCmGvvAAL3ihaYNLG1U7
2026-07-28T20:32:44.000Z,SOL/USDC,Increase Liquidity,SOL,0.2252953,74.072233,USDC,51.194016,0.999793,67.87,0.28,0.001856317,0.14229,,,,,,,0.40,107.40,ChzFS931mQ8tfsjW6QXSKP1Czu6D1UAbMxapocsrVYU,Czfq3xZZDmsdGdUyrNLtRhGc47cXcZtLG4crryfu44zE,2rPMxBRqJXP8ZcKA5vGCK21xPkKwGrwbkGVJBmz37vudPKxQgafHzzrHgVdwat8uZdo6FvHbeWNhywyyWNUKnzZ1
2026-07-28T18:58:55.000Z,SOL/USDC,Collect Fees,SOL,0.000415943,73.796388,USDC,0.02811,0.999850,0.06,0.28,0.001856317,0.14229,,,,,,,0.40,39.52,ChzFS931mQ8tfsjW6QXSKP1Czu6D1UAbMxapocsrVYU,Czfq3xZZDmsdGdUyrNLtRhGc47cXcZtLG4crryfu44zE,5YZ9mEx6d9BU5Xpz8SmK7WkgTX4VmbCmxvvkZBGzXBtDgdDmMWWS1AJHkFf2h5W1yt115Z2X1Jfj2fNSZuU9JQWv
2026-07-28T18:49:35.000Z,SOL/USDC,Decrease Liquidity,SOL,0.120134332,73.827411,USDC,18.720776,0.999824,27.59,0.22,0.001440374,0.11418,,,,,,,0.34,39.52,ChzFS931mQ8tfsjW6QXSKP1Czu6D1UAbMxapocsrVYU,Czfq3xZZDmsdGdUyrNLtRhGc47cXcZtLG4crryfu44zE,3jYyzNbicDgCK9pD9yxzmNJDbE1pEff9DiCYjTjpaSo5LTttpsv7xexJzK3mug9mSJDAszotQd9U9589oVXxpTuF
2026-07-28T15:54:51.000Z,SOL/USDC,Collect Fees,SOL,0.001250828,74.104883,USDC,0.098207,0.999858,0.19,0.22,0.001440374,0.11418,,,,,,,0.22,66.99,ChzFS931mQ8tfsjW6QXSKP1Czu6D1UAbMxapocsrVYU,Czfq3xZZDmsdGdUyrNLtRhGc47cXcZtLG4crryfu44zE,31DmRpbc1WkZKh2KEC55EZ96YLNJTMMUpPeSj9Wfg5mokbFiBt6zggEPV6P6A598QgmmoyY1jGfBLMzZmrF7dZss
2026-07-28T07:19:34.000Z,SOL/USDC,Collect Fees,SOL,0.000189546,73.366082,USDC,0.015973,0.999850,0.03,0.03,0.000189546,0.015973,,,,,,,0.03,66.99,ChzFS931mQ8tfsjW6QXSKP1Czu6D1UAbMxapocsrVYU,Czfq3xZZDmsdGdUyrNLtRhGc47cXcZtLG4crryfu44zE,4AtCTHwXN2Systn8FjVktzU8eNWmahWu7ncVQKrEFjuHGauKeS9TBBjfznZ2sqLkn9Nzhjsy8YPYZQvx9JfeE8y1
2026-07-28T03:30:51.000Z,SOL/USDC,Open Position,SOL,0.544437086,73.124494,USDC,27.179015,1.000000,66.99,0.00,0,0,,,,,,,0.00,66.99,ChzFS931mQ8tfsjW6QXSKP1Czu6D1UAbMxapocsrVYU,Czfq3xZZDmsdGdUyrNLtRhGc47cXcZtLG4crryfu44zE,5Z4dJzenR8ZzF9wUToont4nu6XZQsiwSaAXjGZBbVoCHXfCGfPiL1jSL7t3cuZBBXwAJhcmfcRWo2MHcWfDhYFhg
2026-07-28T03:26:48.000Z,SOL/USDC,Close Position,SOL,1.127617276,73.218929,USDC,0.020522,0.999850,82.58,0.05,0.000379454,0.020522,,,,,,,-0.98,0.00,GmbvQRwNfXr4h911ckteC9XjhV4P3XXh4HyXSBMNw1xt,Czfq3xZZDmsdGdUyrNLtRhGc47cXcZtLG4crryfu44zE,BcrfsMdLgBeLj38VJAQT8S2R1uyf7Dky9o6e5nRz8yBFDoMCh9FKCTRWhYuRgeAqMJdKueL8ZYkN1ixHkQn7LBy
2026-07-27T23:19:24.000Z,SOL/USDC,Open Position,SOL,0.834276015,74.238702,USDC,21.634211,0.999918,83.57,0.00,0,0,,,,,,,0.00,83.57,GmbvQRwNfXr4h911ckteC9XjhV4P3XXh4HyXSBMNw1xt,Czfq3xZZDmsdGdUyrNLtRhGc47cXcZtLG4crryfu44zE,4DJSXzmeGXK7kfyQNZXRaKRXZZC6heoxLRdjdbQyGD1uayX72qnFxGZCakdJcKriA4PMEav8qg2Yia2t6BvB54FF
2026-07-27T22:42:23.000Z,SOL/USDC,Close Position,SOL,1.22022863,74.708110,USDC,0.031224,0.999883,91.19,0.56,0.003820033,0.265805,,,,,,,-1.03,0.00,5YQAVhCGUxPLit8AgivjUr4JA8eFcMTT55wn5GkWWhWc,Czfq3xZZDmsdGdUyrNLtRhGc47cXcZtLG4crryfu44zE,2DirqdEtZwxmsi3WmJ2CwnQmqS4Wkrxqf3vrLvdRyt5mVTNmfVcYYLBwHNJ8ZyUUehpL9PNxwNgw1b5bJ77Fqsyh
2026-07-27T19:14:48.000Z,SOL/USDC,Collect Fees,SOL,0.000421608,75.786457,USDC,0.03202,1.000000,0.06,0.48,0.003250015,0.234581,,,,,,,0.48,92.70,5YQAVhCGUxPLit8AgivjUr4JA8eFcMTT55wn5GkWWhWc,Czfq3xZZDmsdGdUyrNLtRhGc47cXcZtLG4crryfu44zE,4XMRcsAqyHhPFFnqMKsqQqectcosxMQFYVJgkSq5MvSSdLnDqxUj8u5YqdCrZpEa6AWLE7adGLp5fgoWkGmw8ua6
2026-07-27T17:03:24.000Z,SOL/USDC,Collect Fees,SOL,0.002069954,75.793953,USDC,0.141882,0.999855,0.30,0.42,0.002828407,0.202561,,,,,,,0.42,92.70,5YQAVhCGUxPLit8AgivjUr4JA8eFcMTT55wn5GkWWhWc,Czfq3xZZDmsdGdUyrNLtRhGc47cXcZtLG4crryfu44zE,5WYTjVCtNhxF9p6uEEftUUBwevYLD7NiveCNBT5Z23cti98EbtwNGJE373D6gzCuAwQcZUGG1u4d9d62fsiYwndH
2026-07-27T13:36:00.000Z,SOL/USDC,Collect Fees,SOL,0.000758453,76.771894,USDC,0.060679,0.999908,0.12,0.12,0.000758453,0.060679,,,,,,,0.12,92.70,5YQAVhCGUxPLit8AgivjUr4JA8eFcMTT55wn5GkWWhWc,Czfq3xZZDmsdGdUyrNLtRhGc47cXcZtLG4crryfu44zE,38v3J89fxhAP8bX8uo7qsVt3weVZ4VwrJNg5cYUm8bhvLaRUfBsNEVwQFzAed6DhoTAtXFpomSkDTQ2zvgSdKC3T
2026-07-27T07:18:42.000Z,SOL/USDC,Open Position,SOL,0.30445679,76.586850,USDC,69.398227,0.999842,92.70,0.00,0,0,,,,,,,0.00,92.70,5YQAVhCGUxPLit8AgivjUr4JA8eFcMTT55wn5GkWWhWc,Czfq3xZZDmsdGdUyrNLtRhGc47cXcZtLG4crryfu44zE,5CY1mz94aGNAdoxputuo5wp36TxzD5CVtuU3muct3PCBFgBGPnMaAdjNGigKb9FL7xEWFELv4PiVQRARpXnEAbuS
2026-07-26T17:54:28.000Z,SOL/USDC,Close Position,SOL,0.248484413,75.352005,USDC,112.508974,0.999963,131.23,0.37,0.002325646,0.193097,,,,,,,1.01,0.00,EXu5fvAwQ74cHV6SwVVh6rvQs1EG3cQofwM3BKf92muV,Czfq3xZZDmsdGdUyrNLtRhGc47cXcZtLG4crryfu44zE,2S1QGWGGEK9SL99T9ScYvSPB2WtH93wSsSJ5RhdGiyM4vvLCeu3Dri2LsSfLhi1bh6keApr9iX9now52niny3JgX
2026-07-26T15:56:13.000Z,SOL/USDC,Collect Fees,SOL,0.001046005,75.361666,USDC,0.0905,0.999942,0.17,0.33,0.002067833,0.174063,,,,,,,0.38,130.60,EXu5fvAwQ74cHV6SwVVh6rvQs1EG3cQofwM3BKf92muV,Czfq3xZZDmsdGdUyrNLtRhGc47cXcZtLG4crryfu44zE,3bHhphwqVTeG35WNaJZyM1z3MEv8W2FRH3d1mvEidFXiUxshJZp9fgTDhv9EZTNMUmxjBBbQu9n6cu7od9jF41ww
2026-07-26T03:41:14.000Z,SOL/USDC,Decrease Liquidity,SOL,0.064853341,74.917297,USDC,10.138338,0.999921,15.00,0.16,0.001021828,0.083563,,,,,,,0.21,130.60,EXu5fvAwQ74cHV6SwVVh6rvQs1EG3cQofwM3BKf92muV,Czfq3xZZDmsdGdUyrNLtRhGc47cXcZtLG4crryfu44zE,38pU7ervUD9CegeKnY1ctVsyWDnyAkQJWy1Quhn7syTsX5XedaPj8E7T4CvTUshfLqGG744TrHPW7cugVf6kBs1Y
2026-07-26T02:19:19.000Z,SOL/USDC,Collect Fees,SOL,0.000380846,74.716967,USDC,0.034991,0.999909,0.06,0.16,0.001021828,0.083563,,,,,,,0.16,145.55,EXu5fvAwQ74cHV6SwVVh6rvQs1EG3cQofwM3BKf92muV,Czfq3xZZDmsdGdUyrNLtRhGc47cXcZtLG4crryfu44zE,5uR4RBqjxyRUQMyKP5FPtqgGMLzKVVQUWPBj6qDpTGCcGMzw6RNJ56N25myXbbA1Vd79kwGtECf2DVWdWLYffc1k
2026-07-25T20:40:40.000Z,SOL/USDC,Increase Liquidity,SOL,0.010481575,74.395852,USDC,0.71346,0.999882,1.49,0.10,0.000640982,0.048572,,,,,,,0.10,145.55,EXu5fvAwQ74cHV6SwVVh6rvQs1EG3cQofwM3BKf92muV,Czfq3xZZDmsdGdUyrNLtRhGc47cXcZtLG4crryfu44zE,5hMjy4sJ54hd9rjdFP7eUdFyZzxzP9cdMqMyKBXruyiiVSyamFkVzxRU9NZRbwRd8MS5MhTaP6EeqfaJznm6dW8u
2026-07-25T20:27:59.000Z,SOL/USDC,Collect Fees,SOL,0.000229885,74.414771,USDC,0.018379,0.999870,0.04,0.10,0.000640982,0.048572,,,,,,,0.10,144.05,EXu5fvAwQ74cHV6SwVVh6rvQs1EG3cQofwM3BKf92muV,Czfq3xZZDmsdGdUyrNLtRhGc47cXcZtLG4crryfu44zE,uNSP2WPgo9LYHMBua2yvNc7s9GsGmLC8n4nCjB838cAXnAomLSHQcixY7h8Gka6G8M4hbXyDnKMY8tPLeXhUfR4
2026-07-25T18:18:30.000Z,SOL/USDC,Increase Liquidity,SOL,0.256399103,74.508950,USDC,19.637842,0.999915,38.74,0.06,0.000411097,0.030193,,,,,,,0.06,144.05,EXu5fvAwQ74cHV6SwVVh6rvQs1EG3cQofwM3BKf92muV,Czfq3xZZDmsdGdUyrNLtRhGc47cXcZtLG4crryfu44zE,5P4w6bvKLFbzuKyU5ywHftCzSSJY2SoZ5QveB7HdZx9YfL1mH5v7ryF4wXrgm2sRdoXdPmRAvXA9JTwZcGuEEc7Z
2026-07-25T18:04:31.000Z,SOL/USDC,Increase Liquidity,SOL,0.137464458,74.516608,USDC,11.616845,0.999916,21.86,0.06,0.000411097,0.030193,,,,,,,0.06,105.31,EXu5fvAwQ74cHV6SwVVh6rvQs1EG3cQofwM3BKf92muV,Czfq3xZZDmsdGdUyrNLtRhGc47cXcZtLG4crryfu44zE,4HSmQZpmovzeQamNLwEozxtVkMYerconx4icudytwCXg1fhizBGVaSJhQchfCpm9spteuFJQShApq3PSjRC3Thdt
2026-07-25T17:04:48.000Z,SOL/USDC,Increase Liquidity,SOL,0.113189007,74.279588,USDC,6.485876,0.999955,14.89,0.06,0.000411097,0.030193,,,,,,,0.06,83.45,EXu5fvAwQ74cHV6SwVVh6rvQs1EG3cQofwM3BKf92muV,Czfq3xZZDmsdGdUyrNLtRhGc47cXcZtLG4crryfu44zE,4PyGJNpte2ZhtNZDuwMHf4NNsP3f7atxMoE5AgSA7rDQu6MozqvqgWmfGoAWoq1WqFjX7KEevFnMFZY2wHpm4mhw
2026-07-25T16:55:29.000Z,SOL/USDC,Collect Fees,SOL,0.000411097,74.191083,USDC,0.030193,0.999970,0.06,0.06,0.000411097,0.030193,,,,,,,0.06,68.56,EXu5fvAwQ74cHV6SwVVh6rvQs1EG3cQofwM3BKf92muV,Czfq3xZZDmsdGdUyrNLtRhGc47cXcZtLG4crryfu44zE,3VtdTWfhHoxCGxMTiDLF7tfamjBSRkkr6ghpkJq5edRPPYGd7bvFbFduauFPDkTt5U53J6PaRN6L22mA6gLrux5Q
2026-07-25T04:23:30.000Z,SOL/USDC,Open Position,SOL,0.536776747,74.248067,USDC,28.707091,0.999965,68.56,0.00,0,0,,,,,,,0.00,68.56,EXu5fvAwQ74cHV6SwVVh6rvQs1EG3cQofwM3BKf92muV,Czfq3xZZDmsdGdUyrNLtRhGc47cXcZtLG4crryfu44zE,4zSwBgwK3zgv9jGTcaYFefhMptfMKdV38KRjdvEnwLoVqt5QPrmsRnXL6MmV3d9WoAXjjm8MbiZBMXazJcPEhhBP
2026-07-25T04:14:22.000Z,SOL/USDC,Close Position,SOL,0.46548317,74.160000,USDC,68.615354,0.999938,103.13,0.03,0.000154003,0.014996,,,,,,,0.12,0.00,EfJDWFo1wCQ8hNzpbamdqeYunQRRV5JGNCEbPWjqBeQ,Czfq3xZZDmsdGdUyrNLtRhGc47cXcZtLG4crryfu44zE,5hyG8PXpTRoxd8R5nuFamBZWMNibyW8NZ2Jb2mfcKm6tJwXURHBKrxaucKEqStV4eaCeNB862tLuv3v1e2zuUL3C
2026-07-25T03:59:45.000Z,SOL/USDC,Collect Fees,SOL,0.000153948,74.078158,USDC,0.012789,0.999972,0.02,0.02,0.000153948,0.012789,,,,,,,0.02,103.03,EfJDWFo1wCQ8hNzpbamdqeYunQRRV5JGNCEbPWjqBeQ,Czfq3xZZDmsdGdUyrNLtRhGc47cXcZtLG4crryfu44zE,MQXxtRBDg4Rm9m3iwx53YXhebrXY7AGvgMXiHnAJF2sKxZEGgadtfUwu7bVcBAcWDw4rco7nzZ9R1qiaYiWLu1A
2026-07-25T01:32:41.000Z,SOL/USDC,Open Position,SOL,0.604487208,73.978225,USDC,58.314905,0.999968,103.03,0.00,0,0,,,,,,,0.00,103.03,EfJDWFo1wCQ8hNzpbamdqeYunQRRV5JGNCEbPWjqBeQ,Czfq3xZZDmsdGdUyrNLtRhGc47cXcZtLG4crryfu44zE,4gZ4pRKmAy9DqoynE6oZoqCLWNbf8vtPXfqdCdqW87fWg82ecLTx6TJDZiGSDs1iiYZUagRKZxdJseP2Sygaprkb
2026-07-24T03:04:13.000Z,SOL/USDC,Close Position,SOL,0.108537752,75.596827,USDC,6.402679,0.999880,14.61,0.02,0.000135496,0.010009,,,,,,,0.01,0.00,Ff69cAzAXMqqisMpt63ZY5JSbvQt9A6Y7ARWf4CiYs8o,Czfq3xZZDmsdGdUyrNLtRhGc47cXcZtLG4crryfu44zE,4UxNWaWXByRwGD6ydYjwm88V7abswUp1U96oqeoxtiqitXHPzh9AeQD9u2g2vuvy9bZPPHQd8P6dSqzZ1DFfDjPZ
2026-07-23T22:44:29.000Z,SOL/USDC,Increase Liquidity,SOL,0.013474136,76.112610,USDC,1.987442,0.999886,3.01,0.00,0,0,,,,,,,0.00,14.59,Ff69cAzAXMqqisMpt63ZY5JSbvQt9A6Y7ARWf4CiYs8o,Czfq3xZZDmsdGdUyrNLtRhGc47cXcZtLG4crryfu44zE,5WB6od2mFSvSfE3JjXYn2TbmJwmaKBXVjfEhgANZZ268XJiEf3CdkpU267A94jxYJhybv3D1NSCi9BF1aW6FyPGH
2026-07-23T18:00:11.000Z,SOL/USDC,Open Position,SOL,0.085273767,75.555150,USDC,5.137429,0.999850,11.58,0.00,0,0,,,,,,,0.00,11.58,Ff69cAzAXMqqisMpt63ZY5JSbvQt9A6Y7ARWf4CiYs8o,Czfq3xZZDmsdGdUyrNLtRhGc47cXcZtLG4crryfu44zE,3m8voib92CPVPfhU8kTheLf4vwLwafwApDMvdUubdrJgouh9Rxq5vwpwn1EZ2SthuUZe4hFJqYWRtbvkmhXkNpHQ
2026-07-22T19:21:48.000Z,SOL/USDC,Close Position,SOL,0.125416346,77.542283,USDC,13.264996,0.999910,22.99,0.08,0.000521847,0.04179,,,,,,,0.14,0.00,AzFojBz21eS3zeQhSnkvEtX5hyghEAoPfeTrw5BpZCis,Czfq3xZZDmsdGdUyrNLtRhGc47cXcZtLG4crryfu44zE,VdZJo7KMztL9CKmU3YTmMTA2ocq2axosPp4VV8wuP9TfoqTFGvBimV7czbydTyitMq38dkQZSUdadotPBR4KoEY
2026-07-22T19:12:15.000Z,SOL/USDC,Collect Fees,SOL,0.000513987,77.426587,USDC,0.040865,0.999810,0.08,0.08,0.000513987,0.040865,,,,,,,0.08,22.93,AzFojBz21eS3zeQhSnkvEtX5hyghEAoPfeTrw5BpZCis,Czfq3xZZDmsdGdUyrNLtRhGc47cXcZtLG4crryfu44zE,5c6HVQwEGqZ2VYaqhVd3gaa12QToMnkVDeHrJ4wbisSW37nE24xHZsVmgYag5SDkH3iNyb1USEt4qT7BEkAhympE
2026-07-22T06:45:56.000Z,SOL/USDC,Open Position,SOL,0.169360525,77.171085,USDC,9.863509,0.999880,22.93,0.00,0,0,,,,,,,0.00,22.93,AzFojBz21eS3zeQhSnkvEtX5hyghEAoPfeTrw5BpZCis,Czfq3xZZDmsdGdUyrNLtRhGc47cXcZtLG4crryfu44zE,52Nt5xsYEH1Lh2tpiQ3Mxm8mdEaGnAzFZn4WackD6r3CktQxEMhdp9zMJ6kRxP2zwH4qfkkTzvw52b9CyC84skuP
2026-07-21T19:56:03.000Z,SOL/USDC,Close Position,SOL,0.164367496,77.673423,USDC,23.323874,0.999900,36.09,0.21,0.00131637,0.10345,,,,,,,0.23,0.00,D9CbRAuCKQSDXH3oa2zRTbP2zgLX5qQFZjqhUr59x5Cb,Czfq3xZZDmsdGdUyrNLtRhGc47cXcZtLG4crryfu44zE,2mTXCqXRLuEWuAgjYnPHu9woFV8raDRExZ8mLDrD68eXnvUJ2RH5CLFKs71DQJMHKnb5hTVxYBJyYEbPhsWYfqfo
2026-07-21T16:52:59.000Z,SOL/USDC,Collect Fees,SOL,0.000379768,78.125060,USDC,0.029435,0.999897,0.06,0.18,0.001165892,0.09381,,,,,,,0.18,36.04,D9CbRAuCKQSDXH3oa2zRTbP2zgLX5qQFZjqhUr59x5Cb,Czfq3xZZDmsdGdUyrNLtRhGc47cXcZtLG4crryfu44zE,uh6gPxpjGqq9hUpS6PD5h5wnPVLDvgLXhh2AHwPbmdhmru3e9zKcVmg6gmna42cea1FFrGwvXwG1juWqb9Qjj86
2026-07-21T09:04:40.000Z,SOL/USDC,Collect Fees,SOL,0.000786124,78.183996,USDC,0.064375,1.000000,0.13,0.13,0.000786124,0.064375,,,,,,,0.13,36.04,D9CbRAuCKQSDXH3oa2zRTbP2zgLX5qQFZjqhUr59x5Cb,Czfq3xZZDmsdGdUyrNLtRhGc47cXcZtLG4crryfu44zE,4j1HexzgnF8PcmDrq6GSGdrcnZMfHabrdk9L3y22mFYiz4dG8egj6vzwwYBzTnhQAeoYtMRKFCGJYonAz2PSEZVH
2026-07-20T19:38:14.000Z,SOL/USDC,Increase Liquidity,SOL,0.022583152,77.332763,USDC,1.762862,0.999780,3.51,0.00,0,0,,,,,,,0.00,36.04,D9CbRAuCKQSDXH3oa2zRTbP2zgLX5qQFZjqhUr59x5Cb,Czfq3xZZDmsdGdUyrNLtRhGc47cXcZtLG4crryfu44zE,3QpGzG3yyj2orsY2nQxgu8pWfvdCv3JNxf3qzFtU5cvg5UYr4CJNbySWtb6n4XEWRrAf5kgTUfGxswv5iMB31k1U
2026-07-20T17:12:20.000Z,SOL/USDC,Open Position,SOL,0.169145159,77.580000,USDC,19.416093,0.999790,32.53,0.00,0,0,,,,,,,0.00,32.53,D9CbRAuCKQSDXH3oa2zRTbP2zgLX5qQFZjqhUr59x5Cb,Czfq3xZZDmsdGdUyrNLtRhGc47cXcZtLG4crryfu44zE,43jMPu766WLmNQhHnvEb8qYuswAytSEcxPyD7CTSRCXfo16gtYfBmK5Gg7oJs9YsnNfDt8UgzVENpVd8PQM5j1Jd
2026-07-20T16:58:11.000Z,SOL/USDC,Close Position,SOL,0.000729302,77.630000,USDC,24.552391,0.999810,24.60,0.19,0.001194925,0.096109,,,,,,,0.32,0.00,8q51HQrsPN5xEMYSqC5KswLK1WwMoqrHnAsHxxrQ4Hkf,Czfq3xZZDmsdGdUyrNLtRhGc47cXcZtLG4crryfu44zE,gpobwFAujDMP9L1SDB3BacYqTLnRKrZMUmHctczei1H2SJeWU5sEcWFrC1NdybTdQjaLBhLPfvcQE3Nw2vXjuc1
2026-07-20T07:39:08.000Z,SOL/USDC,Increase Liquidity,SOL,0.03409163,75.863473,USDC,2.659398,0.999802,5.25,0.07,0.000465623,0.037676,,,,,,,0.07,24.36,8q51HQrsPN5xEMYSqC5KswLK1WwMoqrHnAsHxxrQ4Hkf,Czfq3xZZDmsdGdUyrNLtRhGc47cXcZtLG4crryfu44zE,2R7e7pJGMr3dXr849b3ud8VWHezdvvscPw8tmNdgvEqmk2W5TWHDZMQSLd3SRdDBD2nWb6ugBXkCqQZdzRRN1yFf
2026-07-20T07:37:40.000Z,cbBTC/USDC,Close Position,cbBTC,0.00003529,64073.977251,USDC,2.986039,0.999803,5.25,0.00,0.00000001,0.000919,,,,,,,-0.00,0.00,kJXPh1L65diJNSBqDmZGfk3XnSFJhc4gNo8LV43NeeR,HxA6SKW5qA4o12fjVgTpXdq2YnZ5Zv1s7SB4FFomsyLM,3q2i6BAkVT9AXzavF7L3bqCVZW99365aEH4DBVtPh7X4vPk1kr3UxGyRjcwjUZAXxaCESTPvLaMnyRwkDteRWha4
2026-07-20T05:44:36.000Z,cbBTC/USDC,Open Position,cbBTC,0.00003203,64195.352753,USDC,3.193803,0.999770,5.25,0.00,0,0,,,,,,,0.00,5.25,kJXPh1L65diJNSBqDmZGfk3XnSFJhc4gNo8LV43NeeR,HxA6SKW5qA4o12fjVgTpXdq2YnZ5Zv1s7SB4FFomsyLM,3QuzK3d3hPVGD7kbc9h722x4eejkkaFEQU85BGcHSmwDDvKqMTbFxmW3ZnyCaL6p5kackVUPEfkQFgLF7cK9xH8R
2026-07-20T04:07:36.000Z,SOL/USDC,Collect Fees,SOL,0.000465623,76.459142,USDC,0.037676,0.999780,0.07,0.07,0.000465623,0.037676,,,,,,,0.07,19.11,8q51HQrsPN5xEMYSqC5KswLK1WwMoqrHnAsHxxrQ4Hkf,Czfq3xZZDmsdGdUyrNLtRhGc47cXcZtLG4crryfu44zE,5kapC12DbnJ3nPooeDTT39sLvK6nZmLhC9EGrUXHLTnGhGNHHrtRP4nRfvY4MCEm6Uw2LovoeRotnXPn9U7oCB3G
2026-07-19T18:43:49.000Z,SOL/USDC,Open Position,SOL,0.145724734,75.672745,USDC,8.087694,0.999840,19.11,0.00,0,0,,,,,,,0.00,19.11,8q51HQrsPN5xEMYSqC5KswLK1WwMoqrHnAsHxxrQ4Hkf,Czfq3xZZDmsdGdUyrNLtRhGc47cXcZtLG4crryfu44zE,5FsJGdy3PZxRUMe84SQ4XSz5obEQB5EjgVUu6KkD8jApJqBM7rXMtVcaSjwVaHzB8C8gBacvHTFJDtF1Fe3yzB49
2026-07-19T17:47:40.000Z,SOL/USDC,Close Position,SOL,0.393374578,75.972683,USDC,19.214426,0.999860,49.10,0.07,0.000470531,0.033994,,,,,,,-0.04,0.00,7QdXyaCwZCu2KxY7sv4juuKNSMEphhQAFrj5R4UfKGGe,Czfq3xZZDmsdGdUyrNLtRhGc47cXcZtLG4crryfu44zE,3H3mVxSmxFrAtRcm7SqeZbQx1XF3nTDZHrHqx5pthK32rUPPyw8XzmNYMQGrEV5igZP292THiS4foEsKUp97E9B4
2026-07-19T07:52:59.000Z,cbBTC/USDC,Close Position,cbBTC,0.0000524,64666.361201,USDC,3.814583,0.999870,7.20,0.00,0.00000002,0.002092,,,,,,,0.02,0.00,HHHpmVdws5U6rAntXtVBJJx4uvth8EM6c7PZBdzri1yJ,HxA6SKW5qA4o12fjVgTpXdq2YnZ5Zv1s7SB4FFomsyLM,cTs7FgSn7qBfyBTxhViNgp2rhULYbYSkcocJg66Z1GkNF9Lu8JWU4mASJRSADbQ2Kb6fiHUUtL9zjcnSvrzvR7S
2026-07-19T07:41:36.000Z,SOL/USDC,Open Position,SOL,0.324434255,76.280492,USDC,24.391582,0.999870,49.14,0.00,0,0,,,,,,,0.00,49.14,7QdXyaCwZCu2KxY7sv4juuKNSMEphhQAFrj5R4UfKGGe,Czfq3xZZDmsdGdUyrNLtRhGc47cXcZtLG4crryfu44zE,5phg1cdoSceJDqCoJcxCu1T7vfmwuLtJ1XeYF5KQnYVeF3RmPwvnR1jqosaUdjdmaUaE1JtBbWVJLs6uqZ5cKW2z
2026-07-19T07:35:44.000Z,SOL/USDC,Close Position,SOL,0.000397062,76.168428,USDC,51.240188,0.999881,51.26,0.09,0.000559202,0.047196,,,,,,,0.18,0.00,99CGZ9DBvFWHTYXbwdq544HcVHijd9WCiXErZJLYDZ4U,Czfq3xZZDmsdGdUyrNLtRhGc47cXcZtLG4crryfu44zE,3edjRa5yLXkxRh4UUV2bZc3aZtwyL3pJ5kj8FLHt7nAaVrBnBBf6B3BvJJgfRfjEuxLoJhkigH1d14ggC2tAXJWr
2026-07-18T18:41:54.000Z,cbBTC/USDC,Open Position,cbBTC,0.00006389,64441.792307,USDC,3.069365,1.000000,7.19,0.00,0,0,,,,,,,0.00,7.19,HHHpmVdws5U6rAntXtVBJJx4uvth8EM6c7PZBdzri1yJ,HxA6SKW5qA4o12fjVgTpXdq2YnZ5Zv1s7SB4FFomsyLM,5ufvYCcJH2YfAiFf25ppE77AyBa5aRKFWubLpxporYkiT3QvYxwbwnU9TTsgyDGi7qVc6wv3weWqMwV6dLq37cFc
2026-07-18T17:13:37.000Z,SOL/USDC,Increase Liquidity,SOL,0.052846055,75.029127,USDC,10.5878,0.999867,14.55,0.02,0.00016214,0.01255,,,,,,,0.02,51.11,99CGZ9DBvFWHTYXbwdq544HcVHijd9WCiXErZJLYDZ4U,Czfq3xZZDmsdGdUyrNLtRhGc47cXcZtLG4crryfu44zE,3KFzisf5Mu7227feKWwxx5RKoRBdXKoCUfst67peistqujjVvdftnCiVHHyxva9mFpbP7huWwBdqyB4dkTTfetwr
2026-07-18T17:05:16.000Z,SOL/USDC,Increase Liquidity,SOL,0.099985757,75.090742,USDC,21.428581,0.999850,28.93,0.02,0.00016214,0.01255,,,,,,,0.02,36.56,99CGZ9DBvFWHTYXbwdq544HcVHijd9WCiXErZJLYDZ4U,Czfq3xZZDmsdGdUyrNLtRhGc47cXcZtLG4crryfu44zE,5BBRAwkr86F8MgvvKcHtuS16dwcKHy1fLL6T113fXi3gkUFo6TgTSroQ5bVU2XqVZUakuNVNYn4sRerwVyqcZcgP
2026-07-17T21:15:53.000Z,SOL/USDC,Increase Liquidity,SOL,0.007153221,75.099739,USDC,1.624896,0.999811,2.16,0.02,0.00016214,0.01255,,,,,,,0.02,7.63,99CGZ9DBvFWHTYXbwdq544HcVHijd9WCiXErZJLYDZ4U,Czfq3xZZDmsdGdUyrNLtRhGc47cXcZtLG4crryfu44zE,xAr74aYzvKbxvi65fiKGkEePFW89NF4wxy6CPaV6XmicVvwhLHiuFtGmk2bYWx2jR5rqYSWCnAN9Rc2dAxurxtr
2026-07-17T20:29:10.000Z,SOL/USDC,Collect Fees,SOL,0.00016214,75.035284,USDC,0.01255,0.999867,0.02,0.02,0.00016214,0.01255,,,,,,,0.02,5.46,99CGZ9DBvFWHTYXbwdq544HcVHijd9WCiXErZJLYDZ4U,Czfq3xZZDmsdGdUyrNLtRhGc47cXcZtLG4crryfu44zE,3Ydu3446CidFHX8cbtk7axybACh4NLV8U8HYfCFcdGW88x32HeD1x1YqHMuaE8U7VruvvbxR6LUFkztG8QC7AGY
2026-07-17T05:59:50.000Z,SOL/USDC,Open Position,SOL,0.039365932,74.317611,USDC,2.539287,0.999835,5.46,0.00,0,0,,,,,,,0.00,5.46,99CGZ9DBvFWHTYXbwdq544HcVHijd9WCiXErZJLYDZ4U,Czfq3xZZDmsdGdUyrNLtRhGc47cXcZtLG4crryfu44zE,5mSqFt9UBiiJ84HEWQv59eaMpotUi4U47xdwD52f3inMBKASykJYdEJWREbcxLSYJVYvT3XpF8uK3Fgpy9v8TBNz
2026-07-17T05:47:13.000Z,SOL/USDC,Close Position,SOL,0.057983874,74.590000,USDC,0.007121,0.999846,4.33,0.01,0.000104254,0.007121,,,,,,,-0.04,0.00,6fvAKe8sBMWEVB1KM22meY5n8oJAgazXAA2FSDbf3HzN,Czfq3xZZDmsdGdUyrNLtRhGc47cXcZtLG4crryfu44zE,TRGwtbyz7VqRtcxLAXmLpsqEu7uY9TxXHisoxEXSKeTHycwb6RtDzKzane1ZMBNFmLLFsTLK9nwPA72pE7h1nHJ
2026-07-16T17:29:37.000Z,SOL/USDC,Increase Liquidity,SOL,0.005879818,75.830549,USDC,0.380815,0.999817,0.83,0.00,0,0,,,,,,,0.00,4.38,6fvAKe8sBMWEVB1KM22meY5n8oJAgazXAA2FSDbf3HzN,Czfq3xZZDmsdGdUyrNLtRhGc47cXcZtLG4crryfu44zE,3axwb8eFtRaruShMcCpZByNB7xZuyRco5VBwKBDHeDe2N7iYbiCNhWptxtECVM3DEfpSHpU5ZXzp3VfNn6jEyZc4
2026-07-16T17:21:51.000Z,SOL/USDC,Open Position,SOL,0.02401772,75.919210,USDC,1.725593,0.999800,3.55,0.00,0,0,,,,,,,0.00,3.55,6fvAKe8sBMWEVB1KM22meY5n8oJAgazXAA2FSDbf3HzN,Czfq3xZZDmsdGdUyrNLtRhGc47cXcZtLG4crryfu44zE,De3eCpkAqaP14ox4aF633nZAk3SzuEu6r5uQ4i5i2NLiDXagtekAuWHbPKN3x8aRryGKMpR14KSwA3DvAdbm7Nn
2026-03-31T22:18:14.000Z,SOL/cbBTC,Close Position,SOL,0.08085972,82.729751,cbBTC,0.00003241,68130.726123,8.90,0.02,0.000150419,0.00000012,,,,,,,0.08,0.00,62NetxTPBhBKHJqZZH5W9F6oVYcE2SFY2WcLNu4Pkyvc,CeaZcxBNLpJWtxzt58qQmfMBtJY8pQLvursXTJYGQpbN,2McjRWc8TphgPiC9t6NLfGpJ7UMAzfSU9chMRtX1WZ6scGty89sp6uBfqeLxR4rUPFKuxLHpyt6Mwa9cWTgGPWhd
2026-03-31T19:33:09.000Z,SOL/cbBTC,Collect Fees,SOL,0.000133009,82.536321,cbBTC,0.00000012,67814.951279,0.02,0.02,0.000133009,0.00000012,,,,,,,0.02,8.84,62NetxTPBhBKHJqZZH5W9F6oVYcE2SFY2WcLNu4Pkyvc,CeaZcxBNLpJWtxzt58qQmfMBtJY8pQLvursXTJYGQpbN,5wThm8D2tRTL7GRP2crJKDR6KnNp4sAe7XFEAjyV99rAKSTiALjWvGcfv4XZWmSsiunrbDU6K6KpAM7GWjffYZVu
2026-03-31T00:50:50.000Z,SOL/cbBTC,Open Position,SOL,0.051204823,82.658302,cbBTC,0.00006867,67090.940127,8.84,0.00,0,0,,,,,,,0.00,8.84,62NetxTPBhBKHJqZZH5W9F6oVYcE2SFY2WcLNu4Pkyvc,CeaZcxBNLpJWtxzt58qQmfMBtJY8pQLvursXTJYGQpbN,4kBeFN7vUS5VVzTdo47cNtsUuYZ5aWR5aEv85KJj4BQLBPCWc5LHcQzNGazvjRBd7S2DWzdR6QWDCNwsfFiwffwB